feature,nan_rate_pct,iv,dtype,n_obs_non_nan,decision
EXT_SOURCE_1,57.9,0.1403,numerical,90519,CAS C — REINTEGRATION
APARTMENTS_AVG,50.8,0.0014,numerical,105900,Exclu — IV faible
APARTMENTS_MEDI,50.8,0.0013,numerical,105900,Exclu — IV faible
APARTMENTS_MODE,50.8,0.0013,numerical,105900,Exclu — IV faible
YEARS_BUILD_MODE,66.5,0.0008,numerical,72089,Exclu — IV faible
YEARS_BUILD_AVG,66.5,0.0008,numerical,72089,Exclu — IV faible
BASEMENTAREA_MODE,58.6,0.0007,numerical,89164,Exclu — IV faible
LIVINGAREA_MODE,50.2,0.0007,numerical,107135,Exclu — IV faible
LIVINGAREA_AVG,50.2,0.0007,numerical,107135,Exclu — IV faible
LIVINGAREA_MEDI,50.2,0.0007,numerical,107135,Exclu — IV faible
YEARS_BUILD_MEDI,66.5,0.0007,numerical,72089,Exclu — IV faible
COMMONAREA_AVG,69.9,0.0007,numerical,64742,Exclu — IV faible
COMMONAREA_MEDI,69.9,0.0006,numerical,64742,Exclu — IV faible
LIVINGAPARTMENTS_MODE,68.4,0.0006,numerical,68064,Exclu — IV faible
COMMONAREA_MODE,69.9,0.0006,numerical,64742,Exclu — IV faible
LIVINGAPARTMENTS_MEDI,68.4,0.0006,numerical,68064,Exclu — IV faible
LIVINGAPARTMENTS_AVG,68.4,0.0006,numerical,68064,Exclu — IV faible
BASEMENTAREA_MEDI,58.6,0.0004,numerical,89164,Exclu — IV faible
NONLIVINGAREA_MODE,55.2,0.0004,numerical,96406,Exclu — IV faible
BASEMENTAREA_AVG,58.6,0.0004,numerical,89164,Exclu — IV faible
WALLSMATERIAL_MODE,50.9,0.0003,categorical,105733,Exclu — IV faible
ELEVATORS_MODE,53.3,0.0003,numerical,100455,Exclu — IV faible
FLOORSMIN_MEDI,67.9,0.0003,numerical,69160,Exclu — IV faible
FONDKAPREMONT_MODE,68.4,0.0003,categorical,68019,Exclu — IV faible
LANDAREA_AVG,59.4,0.0003,numerical,87343,Exclu — IV faible
FLOORSMIN_AVG,67.9,0.0003,numerical,69160,Exclu — IV faible
ENTRANCES_AVG,50.4,0.0003,numerical,106790,Exclu — IV faible
ELEVATORS_AVG,53.3,0.0003,numerical,100455,Exclu — IV faible
ELEVATORS_MEDI,53.3,0.0003,numerical,100455,Exclu — IV faible
NONLIVINGAREA_MEDI,55.2,0.0002,numerical,96406,Exclu — IV faible
LANDAREA_MEDI,59.4,0.0002,numerical,87343,Exclu — IV faible
FLOORSMIN_MODE,67.9,0.0002,numerical,69160,Exclu — IV faible
ENTRANCES_MEDI,50.4,0.0002,numerical,106790,Exclu — IV faible
LANDAREA_MODE,59.4,0.0002,numerical,87343,Exclu — IV faible
NONLIVINGAREA_AVG,55.2,0.0002,numerical,96406,Exclu — IV faible
ENTRANCES_MODE,50.4,0.0001,numerical,106790,Exclu — IV faible
NONLIVINGAPARTMENTS_MEDI,69.4,0.0001,numerical,65785,Exclu — IV faible
NONLIVINGAPARTMENTS_AVG,69.4,0.0001,numerical,65785,Exclu — IV faible
HOUSETYPE_MODE,50.2,0.0001,categorical,107128,Exclu — IV faible
OWN_CAR_AGE,66.0,0.0001,numerical,73139,Exclu — IV faible
NONLIVINGAPARTMENTS_MODE,69.4,0.0,numerical,65785,Exclu — IV faible
