feature,iv,dtype,decision
EXT_SOURCE_3,0.3216223536314976,numerical,retained
EXT_SOURCE_2,0.3080471789169456,numerical,retained
EXT_SOURCE_1,0.14025107310113238,numerical,retained
annuity_to_credit,0.11276549844893227,numerical,retained
employment_years,0.10789282357219133,numerical,retained
OCCUPATION_TYPE,0.08796317024468397,categorical,retained
age_years,0.08498339726029144,numerical,retained
goods_to_credit,0.07915276690499576,numerical,retained
ORGANIZATION_TYPE,0.0734630713492225,categorical,retained
prev_refused_ratio,0.07031325872500847,numerical,retained
NAME_INCOME_TYPE,0.060736249293359176,categorical,retained
bureau_active_count,0.05987797655575238,numerical,retained
avg_payment_ratio,0.05834445077823111,numerical,retained
avg_payment_diff,0.05233988465249353,numerical,retained
CODE_GENDER,0.05046757405565591,categorical,retained
CODE_GENDER_bin,0.05046757405565591,numerical,retained
REGION_RATING_CLIENT,0.05032011044550844,numerical,retained
NAME_EDUCATION_TYPE,0.047213870681352604,categorical,retained
bureau_debt_total,0.046890201113922544,numerical,retained
std_payment_ratio,0.042315755849780666,numerical,retained
inst_ever_late,0.04132834953508219,numerical,retained
history_length_days,0.036090226737093334,numerical,retained
prev_avg_down_payment,0.03301113978995511,numerical,retained
registration_years,0.028967474218514505,numerical,retained
EMERGENCYSTATE_MODE,0.024674729764321463,categorical,retained
pos_avg_dpd_all,0.023753513401913704,numerical,retained
NAME_CONTRACT_TYPE,0.02118341241413354,categorical,retained
NAME_FAMILY_STATUS,0.019855495710191746,categorical,rejected
pos_ever_late,0.019722535987261404,numerical,rejected
bureau_nb_credits,0.014994768355571527,numerical,rejected
loan_to_income_ratio,0.014424256334303559,numerical,rejected
NAME_HOUSING_TYPE,0.014039407357590615,categorical,rejected
inst_pct_late,0.01205537657091929,numerical,rejected
prev_nb_demandes,0.010997915058746711,numerical,rejected
has_external_data,0.010411271928552904,numerical,rejected
debt_to_income,0.007953930806446973,numerical,rejected
pos_nb_mois_6m,0.006064921033132246,numerical,rejected
pos_nb_mois_3m,0.005724092266025619,numerical,rejected
pos_nb_mois_12m,0.005595543397148246,numerical,rejected
pos_dpd_moyen_3m,0.005496629323513018,numerical,rejected
pos_taux_retard_3m,0.005496629323513018,numerical,rejected
has_repayment_history,0.004705499707796487,numerical,rejected
cc_nb_mois_12m,0.004688098865475285,numerical,rejected
cc_nb_mois_3m,0.004045654680184566,numerical,rejected
cc_nb_mois_6m,0.003993269363208462,numerical,rejected
nb_transactions_total,0.003982929193558396,numerical,rejected
pos_taux_retard_6m,0.003980023963910091,numerical,rejected
pos_dpd_moyen_6m,0.003980023963910091,numerical,rejected
FLAG_OWN_CAR,0.00325992062913892,categorical,rejected
FLAG_OWN_CAR_bin,0.00325992062913892,numerical,rejected
cc_taux_retard_3m,0.003089115731102936,numerical,rejected
cc_dpd_moyen_3m,0.003089115731102936,numerical,rejected
cc_taux_retard_6m,0.002900386367543589,numerical,rejected
cc_dpd_moyen_12m,0.002900386367543589,numerical,rejected
cc_dpd_moyen_6m,0.002900386367543589,numerical,rejected
cc_taux_retard_12m,0.002900386367543589,numerical,rejected
NAME_TYPE_SUITE,0.001468985698265931,categorical,rejected
FLAG_OWN_REALTY,0.00091144641832476,categorical,rejected
FLAG_OWN_REALTY_bin,0.00091144641832476,numerical,rejected
WEEKDAY_APPR_PROCESS_START,0.0005493471183176958,categorical,rejected
pos_dpd_moyen_12m,0.00031172399670324004,numerical,rejected
pos_taux_retard_12m,0.00031172399670324004,numerical,rejected
has_history,0.0,numerical,rejected
EXT_SOURCE_1,0.1403,numerical,retained
