feature,importance,std
EXT_SOURCE_3,0.05731458838081489,0.0019365179854576597
EXT_SOURCE_2,0.04869008879823659,0.0025379997371003187
EXT_SOURCE_1,0.011549197097037311,0.001003622858412387
annuity_to_credit,0.0078096047310287076,0.0003564423582191937
goods_to_credit,0.005012407457901225,0.0006117000548323936
OCCUPATION_TYPE,0.0029742278370208488,0.0004967249344414397
employment_years,0.002760845548330637,0.0007081929315352277
prev_refused_ratio,0.002417179029177008,0.0003230830286502842
NAME_EDUCATION_TYPE,0.002323039443093,0.0001516997041808556
inst_ever_late,0.0013913835406596854,0.0001938761392664419
avg_payment_diff,0.0013176148693988087,0.00023109398220339366
avg_payment_ratio,0.0012431849213382807,0.0002107786186482107
NAME_CONTRACT_TYPE,0.0011228990856427146,0.00022461943869135276
bureau_active_count,0.001000681051598884,0.0001824573630494732
ORGANIZATION_TYPE,0.000853593763851046,0.0002467046695515053
prev_avg_down_payment,0.0008511121121286159,9.710095864550211e-05
history_length_days,0.00071085903037027,0.0001265690546491996
REGION_RATING_CLIENT,0.000495371700210101,0.00011779338245187677
CODE_GENDER_bin,0.00046196603948519546,0.00012855548984098904
bureau_debt_total,0.00042855237165082547,0.00014729184048966083
age_years,0.0004266925133951105,0.0001661044289791148
CODE_GENDER,0.00041307518125229816,0.00011751396186401976
std_payment_ratio,0.00028663684830136925,0.00010542932419715616
NAME_INCOME_TYPE,0.00013322615292692407,5.168068444748062e-05
pos_avg_dpd_all,0.00012025325504317896,3.5816231148925444e-05
EMERGENCYSTATE_MODE,5.781271093723284e-05,3.681711403295561e-05
registration_years,2.938830062669817e-05,1.5475376646317064e-05
